Rute,E[t] timer,σ(t) timer,t P10,t P50,t P90,E[GC] kr,σ(GC) kr,GC P10,GC P90,Pålit.premie β·σ(t) kr,GC m/påli.
R1,265.98505788132474,33.29596082061233,221.5761215555117,266.43447656672316,308.66603916445194,122555.05310083716,10987.667070802068,107900.10411331886,136639.7769242691,8790.133656641656,131345.1867574788
R2,248.46985313281985,32.354473997782755,206.61285942777556,248.31366062231947,290.70214430815633,111775.05153383054,10676.976419268309,97962.24361116593,125711.70762169159,8541.581135414648,120316.6326692452
R3,241.3126189860264,32.856791310342224,198.7568883746569,241.024036678293,284.12539248441095,108133.16426538871,10842.741132412935,94089.77316363678,122261.37951985562,8674.192905930347,116807.35717131906
R4,257.42394198911666,33.20298373153705,214.56376398612986,257.3159548329066,301.0775020216461,118249.90085640848,10956.984631407227,104106.04211542285,132655.57566714325,8765.587705125781,127015.48856153428
R5,252.7124939591056,31.392665928965304,211.29206011693273,253.196754317221,293.7059344839711,124558.74220650482,10359.57975655855,110889.99903858779,138086.57757971046,8287.66380524684,132846.40601175168
