Rute,E[t] timer,σ(t) timer,t P10,t P50,t P90,E[GC] kr,σ(GC) kr,GC P10,GC P90,Pålit.premie β·σ(t) kr,GC m/påli.
R1,274.62667252109947,38.8689333722634,225.6647893792357,273.7514230079889,324.6419309887567,127358.78593196282,12826.748012846921,111201.36449514778,143863.8212262897,10261.398410277538,137620.18434224036
R2,259.22426827618864,38.587608431439385,210.93978465326595,257.40532711771937,309.0734746379633,116588.00853114223,12733.910782374998,100654.12893557777,133038.24663052786,10187.128625899997,126775.13715704225
R3,252.3130750470382,37.94142163441883,204.75240461370913,250.65398553656883,301.0141236929002,114427.31476552262,12520.669139358213,98732.293522524,130498.66081865707,10016.535311486572,124443.85007700918
R4,268.3951139146744,39.23006361860621,219.0590139507903,266.93461647316815,318.8352814921731,124534.38759184256,12945.920994140048,108253.4746037608,141179.64289241715,10356.73679531204,134891.1243871546
R5,256.2479034069986,34.00461067258466,212.43665757985238,255.43048534314644,300.35336798947634,108665.42732430954,11221.521521952938,94207.71620135129,123220.23063652718,8977.217217562351,117642.6445418719
